{"cameraMode":{"drawMode":0,"name":"Shaded","section":"Shading Mode"},"sceneLighting":true,"audioPlay":false,"sceneViewState":{"m_AlwaysRefresh":false,"showFog":true,"showSkybox":true,"showFlares":true,"showImageEffects":true,"showParticleSystems":true,"showVisualEffectGraphs":true,"m_FxEnabled":true},"in2DMode":false,"pivot":{"x":-160.86399841308595,"y":17.836145401000978,"z":-110.39053344726563},"rotation":{"x":-0.014893222600221634,"y":-0.7929345965385437,"z":0.019213151186704637,"w":-0.608924925327301},"size":18.450923919677736,"orthographic":false}